Lane,CPT,TP-90,CPT,Time,Schedule,SLAM,,,TP-50,Time,Schedule,SLAM,,,Average,Time,Schedule,SLAM
BOS7->BOS5,5:00,BOS7->BOS5,5:00,0:00,17368.76864,12615.52586,,,BOS7->BOS5,0:00,15587.1961,10668.3844,,,BOS7->BOS5,0:00,15389.27436,10927.71708
TEB3->EWR8,4:30,BOS7->BOS5,5:00,1:00,17387.64554,14042.3911,,,BOS7->BOS5,1:00,15663.43,11995.7749,,,BOS7->BOS5,1:00,15431.38274,12262.69385
OAK3->OAK5,14:00,BOS7->BOS5,5:00,2:00,17410.37406,15624.48096,,,BOS7->BOS5,2:00,15697.5169,13682.2648,,,BOS7->BOS5,2:00,15475.85123,13717.46362
RIC1->ACY5,3:00,BOS7->BOS5,5:00,3:00,17430.47242,16519.57198,,,BOS7->BOS5,3:00,15695.1223,14932.8643,,,BOS7->BOS5,3:00,15447.94929,14718.39833
LGB4->ONT5,0:00,BOS7->BOS5,5:00,4:00,17448.8588,17367.96864,,,BOS7->BOS5,4:00,15777.7496,15670.7298,,,BOS7->BOS5,4:00,15495.48623,15385.4307
TPA1->MIA5,18:00,BOS7->BOS5,5:00,5:00,17448.17322,17367.96864,,,BOS7->BOS5,5:00,15777.3223,15670.7298,,,BOS7->BOS5,5:00,15493.39786,15385.4307
BWI2->EWR8,2:00,BOS7->BOS5,5:00,6:00,3230.796884,61.262588,,,BOS7->BOS5,6:00,1639.64736,27.889542,,,BOS7->BOS5,6:00,1940.846204,32.0740959
LGA9->EWR5,10:00,BOS7->BOS5,5:00,7:00,3666.040014,128.766782,,,BOS7->BOS5,7:00,2143.40323,65.06236,,,BOS7->BOS5,7:00,2422.252338,76.76444331
EWR9->EWR8,14:00,BOS7->BOS5,5:00,8:00,4360.517576,556.3275644,,,BOS7->BOS5,8:00,2839.0823,286.095943,,,BOS7->BOS5,8:00,3159.768652,323.5364902
DFW7->CVG9,2:00,BOS7->BOS5,5:00,9:00,5468.987794,1118.809218,,,BOS7->BOS5,9:00,3731.84432,493.297895,,,BOS7->BOS5,9:00,4005.79632,598.2800742
EWR4->EWR8,20:00,BOS7->BOS5,5:00,10:00,6581.36933,1389.782522,,,BOS7->BOS5,10:00,4810.26653,706.50558,,,BOS7->BOS5,10:00,4924.546425,805.0937546
JAX2->ATL6,3:30,BOS7->BOS5,5:00,11:00,7448.717344,1829.047374,,,BOS7->BOS5,11:00,5488.78209,1049.75828,,,BOS7->BOS5,11:00,5870.390962,1169.226462
BDL2->EWR8,18:00,BOS7->BOS5,5:00,12:00,8425.072802,2183.03754,,,BOS7->BOS5,12:00,6593.12967,1285.44013,,,BOS7->BOS5,12:00,6797.659143,1441.905542
LGA9->BOS5,5:00,BOS7->BOS5,5:00,13:00,9322.681436,2410.940316,,,BOS7->BOS5,13:00,7728.54726,1616.28825,,,BOS7->BOS5,13:00,7776.362821,1739.759449
CMH1->CVG9,11:00,BOS7->BOS5,5:00,14:00,10113.30008,3111.26496,,,BOS7->BOS5,14:00,8683.82238,2117.1715,,,BOS7->BOS5,14:00,8700.189036,2247.350093
,,BOS7->BOS5,5:00,15:00,10939.28846,3577.056048,,,BOS7->BOS5,15:00,9462.20624,2426.24099,,,BOS7->BOS5,15:00,9535.098371,2601.661493
,,BOS7->BOS5,5:00,16:00,11696.60672,4186.757526,,,BOS7->BOS5,16:00,10395.6033,3019.00845,,,BOS7->BOS5,16:00,10409.00136,3183.494865
,,BOS7->BOS5,5:00,17:00,12641.71596,4820.25601,,,BOS7->BOS5,17:00,11287.558,3585.05938,,,BOS7->BOS5,17:00,11240.69436,3757.982183
,,BOS7->BOS5,5:00,18:00,13711.89998,5150.127854,,,BOS7->BOS5,18:00,11978.7312,3826.28303,,,BOS7->BOS5,18:00,12081.79497,4084.085224
,,BOS7->BOS5,5:00,19:00,14847.6275,6667.391568,,,BOS7->BOS5,19:00,12977.8403,5157.57635,,,BOS7->BOS5,19:00,12987.36187,5324.720048
,,BOS7->BOS5,5:00,20:00,15998.7542,8422.002594,,,BOS7->BOS5,20:00,14149.6824,6640.36522,,,BOS7->BOS5,20:00,13999.33864,6852.667711
,,BOS7->BOS5,5:00,21:00,16850.37562,9351.388662,,,BOS7->BOS5,21:00,15131.1339,7589.99581,,,BOS7->BOS5,21:00,14927.41518,7813.596658
,,BOS7->BOS5,5:00,22:00,17383.70624,10851.82024,,,BOS7->BOS5,22:00,15590.429,8982.34124,,,BOS7->BOS5,22:00,15362.22485,9164.393902
,,BOS7->BOS5,5:00,23:00,17383.1645,12298.63314,,,BOS7->BOS5,23:00,15594.3748,10381.1094,,,BOS7->BOS5,23:00,15385.50695,10570.20378
,,TEB3->EWR8,4:30,0:00,14170.992,12751.72274,,,TEB3->EWR8,0:00,12670.4117,11205.9265,,,TEB3->EWR8,0:00,12569.90589,10783.09906
,,TEB3->EWR8,4:30,1:00,14174.64956,13168.96192,,,TEB3->EWR8,1:00,12678.3219,11525.8586,,,TEB3->EWR8,1:00,12579.52219,11164.73717
,,TEB3->EWR8,4:30,2:00,14195.51766,13813.43444,,,TEB3->EWR8,2:00,12729.4133,12204.1222,,,TEB3->EWR8,2:00,12615.96738,12005.31836
,,TEB3->EWR8,4:30,3:00,14008.18708,13907.00432,,,TEB3->EWR8,3:00,12784.1928,12730.1213,,,TEB3->EWR8,3:00,12487.13464,12362.33799
,,TEB3->EWR8,4:30,4:00,14006.68464,13939.58456,,,TEB3->EWR8,4:00,12796.0731,12748.9149,,,TEB3->EWR8,4:00,12497.23378,12395.09475
,,TEB3->EWR8,4:30,5:00,4432.10155,60.2398612,,,TEB3->EWR8,5:00,2200.35718,19.371514,,,TEB3->EWR8,5:00,2587.096589,26.52222214
,,TEB3->EWR8,4:30,6:00,4579.850912,60.2398612,,,TEB3->EWR8,6:00,2312.69898,19.371514,,,TEB3->EWR8,6:00,2705.964531,26.901463
,,TEB3->EWR8,4:30,7:00,4873.569326,317.7887592,,,TEB3->EWR8,7:00,2716.05918,167.225901,,,TEB3->EWR8,7:00,3063.769638,191.7301953
,,TEB3->EWR8,4:30,8:00,5413.788786,724.17825,,,TEB3->EWR8,8:00,3284.44057,454.531388,,,TEB3->EWR8,8:00,3627.78702,490.9414437
,,TEB3->EWR8,4:30,9:00,5978.935194,1144.542964,,,TEB3->EWR8,9:00,4148.6974,772.20632,,,TEB3->EWR8,9:00,4326.940632,821.8820872
,,TEB3->EWR8,4:30,10:00,6849.169076,1371.852666,,,TEB3->EWR8,10:00,4922.6228,942.993588,,,TEB3->EWR8,10:00,5107.506699,968.7473268
,,TEB3->EWR8,4:30,11:00,7886.002144,2120.211878,,,TEB3->EWR8,11:00,5752.20128,1213.22376,,,TEB3->EWR8,11:00,5992.45885,1329.068572
,,TEB3->EWR8,4:30,12:00,9112.687132,2565.411722,,,TEB3->EWR8,12:00,6630.88941,1545.28206,,,TEB3->EWR8,12:00,6902.703501,1730.393382
,,TEB3->EWR8,4:30,13:00,9936.114016,3066.997378,,,TEB3->EWR8,13:00,7391.83941,2086.87798,,,TEB3->EWR8,13:00,7784.333121,2159.997315
,,TEB3->EWR8,4:30,14:00,10599.8213,3412.562106,,,TEB3->EWR8,14:00,8383.41838,2363.13472,,,TEB3->EWR8,14:00,8692.207184,2395.654499
,,TEB3->EWR8,4:30,15:00,11509.7804,4139.529674,,,TEB3->EWR8,15:00,9625.12274,2860.37704,,,TEB3->EWR8,15:00,9552.291054,3007.794884
,,TEB3->EWR8,4:30,16:00,12193.84256,4729.996408,,,TEB3->EWR8,16:00,10027.9812,3560.49822,,,TEB3->EWR8,16:00,10181.13697,3630.472107
,,TEB3->EWR8,4:30,17:00,12409.40348,5031.650956,,,TEB3->EWR8,17:00,10560.6868,3938.40389,,,TEB3->EWR8,17:00,10716.97072,3916.241111
,,TEB3->EWR8,4:30,18:00,12852.70064,5725.622708,,,TEB3->EWR8,18:00,10978.7647,4678.95111,,,TEB3->EWR8,18:00,11051.56335,4547.772773
,,TEB3->EWR8,4:30,19:00,13171.91068,6886.766748,,,TEB3->EWR8,19:00,11489.1269,5837.04517,,,TEB3->EWR8,19:00,11553.43144,5704.653927
,,TEB3->EWR8,4:30,20:00,14036.83246,8181.415424,,,TEB3->EWR8,20:00,12400.6041,7425.74075,,,TEB3->EWR8,20:00,12273.32873,6981.45624
,,TEB3->EWR8,4:30,21:00,14350.49424,8542.841756,,,TEB3->EWR8,21:00,12790.0701,7877.73725,,,TEB3->EWR8,21:00,12656.59012,7366.103957
,,TEB3->EWR8,4:30,22:00,14183.90358,10006.29959,,,TEB3->EWR8,22:00,12811.6117,9187.40528,,,TEB3->EWR8,22:00,12599.88254,8666.127388
,,TEB3->EWR8,4:30,23:00,14162.0482,11559.67388,,,TEB3->EWR8,23:00,12653.0029,10315.6359,,,TEB3->EWR8,23:00,12548.64259,9832.987378
,,OAK3->OAK5,14:00,0:00,12152.07876,4984.238122,,,OAK3->OAK5,0:00,9553.01962,3392.98922,,,OAK3->OAK5,0:00,9689.580286,3484.803534
,,OAK3->OAK5,14:00,1:00,12239.4736,5756.484678,,,OAK3->OAK5,1:00,9646.08552,4316.64782,,,OAK3->OAK5,1:00,9796.391191,4270.818103
,,OAK3->OAK5,14:00,2:00,12490.0667,6279.268774,,,OAK3->OAK5,2:00,9821.33348,4921.5749,,,OAK3->OAK5,2:00,10045.80799,4758.873998
,,OAK3->OAK5,14:00,3:00,12411.48172,7143.978562,,,OAK3->OAK5,3:00,10036.6478,5593.22123,,,OAK3->OAK5,3:00,10160.90002,5528.513361
,,OAK3->OAK5,14:00,4:00,12457.31092,7950.995868,,,OAK3->OAK5,4:00,10056.6471,6372.1384,,,OAK3->OAK5,4:00,10201.88488,6042.117493
,,OAK3->OAK5,14:00,5:00,12422.93838,7961.440212,,,OAK3->OAK5,5:00,10086.0252,6372.1384,,,OAK3->OAK5,5:00,10200.47077,6051.541539
,,OAK3->OAK5,14:00,6:00,12332.8018,7961.440212,,,OAK3->OAK5,6:00,10091.6609,6372.1384,,,OAK3->OAK5,6:00,10211.24981,6054.850031
,,OAK3->OAK5,14:00,7:00,12329.65082,8581.556572,,,OAK3->OAK5,7:00,10178.8972,7081.86048,,,OAK3->OAK5,7:00,10315.51722,6871.916624
,,OAK3->OAK5,14:00,8:00,12305.90186,9875.403538,,,OAK3->OAK5,8:00,10240.0049,8685.532,,,OAK3->OAK5,8:00,10403.07502,8083.893804
,,OAK3->OAK5,14:00,9:00,12289.15104,10518.27874,,,OAK3->OAK5,9:00,10323.3764,9009.80671,,,OAK3->OAK5,9:00,10489.32808,8736.746853
,,OAK3->OAK5,14:00,10:00,12415.55308,11471.5941,,,OAK3->OAK5,10:00,10490.6388,9434.68163,,,OAK3->OAK5,10:00,10678.23606,9525.187944
,,OAK3->OAK5,14:00,11:00,12665.91378,12128.22938,,,OAK3->OAK5,11:00,10777.3282,10174.7052,,,OAK3->OAK5,11:00,10898.62324,10113.58999
,,OAK3->OAK5,14:00,12:00,12725.04172,12253.54008,,,OAK3->OAK5,12:00,10909.2226,10503.7262,,,OAK3->OAK5,12:00,11014.06338,10386.86109
,,OAK3->OAK5,14:00,13:00,12844.30212,12770.01378,,,OAK3->OAK5,13:00,11206.0182,11067.889,,,OAK3->OAK5,13:00,11316.18728,10896.85182
,,OAK3->OAK5,14:00,14:00,13068.9306,12827.56072,,,OAK3->OAK5,14:00,11393.9119,11075.3672,,,OAK3->OAK5,14:00,11531.69934,11000.66254
,,OAK3->OAK5,14:00,15:00,12031.5227,11489.46444,,,OAK3->OAK5,15:00,8524.29451,667.159707,,,OAK3->OAK5,15:00,8393.289334,4692.167305
,,OAK3->OAK5,14:00,16:00,8819.740554,695.2279008,,,OAK3->OAK5,16:00,6774.20267,320.349189,,,OAK3->OAK5,16:00,6839.891664,355.373469
,,OAK3->OAK5,14:00,17:00,9214.440388,722.021968,,,OAK3->OAK5,17:00,7124.78628,411.659175,,,OAK3->OAK5,17:00,7221.716967,415.0121734
,,OAK3->OAK5,14:00,18:00,9749.843332,1068.743482,,,OAK3->OAK5,18:00,7487.46501,541.873527,,,OAK3->OAK5,18:00,7609.285191,583.1223237
,,OAK3->OAK5,14:00,19:00,10149.41318,1471.816698,,,OAK3->OAK5,19:00,7934.67618,701.806869,,,OAK3->OAK5,19:00,8033.497794,877.9879565
,,OAK3->OAK5,14:00,20:00,10580.15512,1978.532742,,,OAK3->OAK5,20:00,8443.95059,1106.62788,,,OAK3->OAK5,20:00,8456.176342,1241.392713
,,OAK3->OAK5,14:00,21:00,11435.9655,2782.904182,,,OAK3->OAK5,21:00,8866.17169,1614.56561,,,OAK3->OAK5,21:00,8956.25868,1802.407221
,,OAK3->OAK5,14:00,22:00,11819.23422,3509.187318,,,OAK3->OAK5,22:00,9188.28844,2307.85651,,,OAK3->OAK5,22:00,9308.317096,2435.725969
,,OAK3->OAK5,14:00,23:00,12047.27992,3765.833346,,,OAK3->OAK5,23:00,9454.05091,2612.64904,,,OAK3->OAK5,23:00,9588.363276,2674.529706
,,RIC1->ACY5,3:00,0:00,4605.56041,4509.849198,,,RIC1->ACY5,0:00,2785.76877,2756.28894,,,RIC1->ACY5,0:00,3422.789031,3313.967213
,,RIC1->ACY5,3:00,1:00,4658.648446,4641.464452,,,RIC1->ACY5,1:00,2783.82687,2773.49094,,,RIC1->ACY5,1:00,3431.390259,3376.656005
,,RIC1->ACY5,3:00,2:00,4654.41994,4640.577972,,,RIC1->ACY5,2:00,2782.87029,2765.31681,,,RIC1->ACY5,2:00,3484.715452,3377.615383
,,RIC1->ACY5,3:00,3:00,3200.179642,426.1726794,,,RIC1->ACY5,3:00,2452.89989,201.833357,,,RIC1->ACY5,3:00,2389.217034,266.3968673
,,RIC1->ACY5,3:00,4:00,3246.31436,537.1315696,,,RIC1->ACY5,4:00,2429.15418,272.952669,,,RIC1->ACY5,4:00,2374.016316,319.9843252
,,RIC1->ACY5,3:00,5:00,3344.42935,537.1315696,,,RIC1->ACY5,5:00,2340.31183,272.952669,,,RIC1->ACY5,5:00,2359.732798,320.3445692
,,RIC1->ACY5,3:00,6:00,3540.843266,537.1315696,,,RIC1->ACY5,6:00,2427.46633,272.952669,,,RIC1->ACY5,6:00,2418.858067,320.3445692
,,RIC1->ACY5,3:00,7:00,4122.08833,915.0443334,,,RIC1->ACY5,7:00,2654.02713,479.256663,,,RIC1->ACY5,7:00,2614.07339,530.7704553
,,RIC1->ACY5,3:00,8:00,4271.20063,1365.0614,,,RIC1->ACY5,8:00,2761.25807,754.668136,,,RIC1->ACY5,8:00,2804.303069,811.4289063
,,RIC1->ACY5,3:00,9:00,4356.734736,1659.635422,,,RIC1->ACY5,9:00,2774.1265,1027.53278,,,RIC1->ACY5,9:00,2935.470546,1023.082712
,,RIC1->ACY5,3:00,10:00,4517.388984,1910.792614,,,RIC1->ACY5,10:00,2781.1779,1243.93124,,,RIC1->ACY5,10:00,3052.238576,1318.576547
,,RIC1->ACY5,3:00,11:00,4580.728876,2324.808594,,,RIC1->ACY5,11:00,2774.37249,1434.27171,,,RIC1->ACY5,11:00,3137.532362,1582.0615
,,RIC1->ACY5,3:00,12:00,4577.008412,2426.935354,,,RIC1->ACY5,12:00,2763.55278,1478.65972,,,RIC1->ACY5,12:00,3160.516035,1649.487691
,,RIC1->ACY5,3:00,13:00,4417.775838,2729.275036,,,RIC1->ACY5,13:00,2785.65704,1650.80564,,,RIC1->ACY5,13:00,3200.471779,1832.646106
,,RIC1->ACY5,3:00,14:00,4445.23014,2903.58823,,,RIC1->ACY5,14:00,2787.46842,1819.42542,,,RIC1->ACY5,14:00,3243.526917,1951.967598
,,RIC1->ACY5,3:00,15:00,4455.066466,3028.15429,,,RIC1->ACY5,15:00,2780.54663,1916.16444,,,RIC1->ACY5,15:00,3271.437428,2059.053397
,,RIC1->ACY5,3:00,16:00,4504.19745,3103.66668,,,RIC1->ACY5,16:00,2777.18212,1989.59968,,,RIC1->ACY5,16:00,3302.094158,2177.985344
,,RIC1->ACY5,3:00,17:00,4464.382774,3156.340984,,,RIC1->ACY5,17:00,2774.0284,2073.16931,,,RIC1->ACY5,17:00,3307.732314,2239.767872
,,RIC1->ACY5,3:00,18:00,4474.716244,3287.487352,,,RIC1->ACY5,18:00,2781.46455,2183.63587,,,RIC1->ACY5,18:00,3364.778597,2404.284631
,,RIC1->ACY5,3:00,19:00,4501.600512,3614.380254,,,RIC1->ACY5,19:00,2780.11351,2426.96357,,,RIC1->ACY5,19:00,3381.408604,2644.223938
,,RIC1->ACY5,3:00,20:00,4555.22007,3929.688516,,,RIC1->ACY5,20:00,2780.4498,2546.58522,,,RIC1->ACY5,20:00,3393.474962,2809.548778
,,RIC1->ACY5,3:00,21:00,4587.927016,4137.362412,,,RIC1->ACY5,21:00,2780.51873,2623.42223,,,RIC1->ACY5,21:00,3402.643698,2992.348486
,,RIC1->ACY5,3:00,22:00,4597.56023,4203.155562,,,RIC1->ACY5,22:00,2785.75988,2661.37282,,,RIC1->ACY5,22:00,3405.799007,3071.64101
,,RIC1->ACY5,3:00,23:00,4601.861398,4301.465108,,,RIC1->ACY5,23:00,2782.3689,2724.73123,,,RIC1->ACY5,23:00,3410.579745,3170.44672
,,LGB4->ONT5,0:00,0:00,9722.421286,2703.428738,,,LGB4->ONT5,0:00,8823.69297,2296.52861,,,LGB4->ONT5,0:00,8244.955267,2311.699249
,,LGB4->ONT5,0:00,1:00,9806.454372,3307.007868,,,LGB4->ONT5,1:00,8930.43096,2685.28319,,,LGB4->ONT5,1:00,8328.31235,2688.098617
,,LGB4->ONT5,0:00,2:00,9872.557932,3576.626974,,,LGB4->ONT5,2:00,8999.78142,2894.54301,,,LGB4->ONT5,2:00,8389.786994,2963.402187
,,LGB4->ONT5,0:00,3:00,9961.536256,4076.281626,,,LGB4->ONT5,3:00,9056.56128,3361.44126,,,LGB4->ONT5,3:00,8458.560824,3390.210871
,,LGB4->ONT5,0:00,4:00,10014.9725,5090.637538,,,LGB4->ONT5,4:00,9101.01459,3929.15801,,,LGB4->ONT5,4:00,8541.10962,3996.34478
,,LGB4->ONT5,0:00,5:00,10026.57072,5091.676098,,,LGB4->ONT5,5:00,9127.05879,3950.92859,,,LGB4->ONT5,5:00,8572.954823,4006.315873
,,LGB4->ONT5,0:00,6:00,10051.54118,5091.676098,,,LGB4->ONT5,6:00,9139.38506,3950.92859,,,LGB4->ONT5,6:00,8630.844214,4006.900577
,,LGB4->ONT5,0:00,7:00,10098.13562,5420.236678,,,LGB4->ONT5,7:00,9163.14259,4162.43211,,,LGB4->ONT5,7:00,8723.816838,4280.561279
,,LGB4->ONT5,0:00,8:00,10156.41072,6722.472692,,,LGB4->ONT5,8:00,9183.72944,5527.69766,,,LGB4->ONT5,8:00,8779.574899,5501.312503
,,LGB4->ONT5,0:00,9:00,10192.97344,7625.646582,,,LGB4->ONT5,9:00,9246.3979,6416.04336,,,LGB4->ONT5,9:00,8833.129443,6415.918253
,,LGB4->ONT5,0:00,10:00,10229.87454,8648.026562,,,LGB4->ONT5,10:00,9344.54343,7416.26087,,,LGB4->ONT5,10:00,8883.680599,7413.773342
,,LGB4->ONT5,0:00,11:00,10289.22908,9649.90771,,,LGB4->ONT5,11:00,9409.44136,8636.88504,,,LGB4->ONT5,11:00,8950.355254,8321.97089
,,LGB4->ONT5,0:00,12:00,10331.88906,9955.553906,,,LGB4->ONT5,12:00,9412.59596,8928.74041,,,LGB4->ONT5,12:00,8973.455969,8557.277337
,,LGB4->ONT5,0:00,13:00,10408.1086,10355.97422,,,LGB4->ONT5,13:00,9457.74985,9322.42452,,,LGB4->ONT5,13:00,9028.842874,8965.284576
,,LGB4->ONT5,0:00,14:00,10406.01084,10354.28166,,,LGB4->ONT5,14:00,9450.65144,9320.00702,,,LGB4->ONT5,14:00,9011.232206,8965.083492
,,LGB4->ONT5,0:00,15:00,6095.65035,462.3354216,,,LGB4->ONT5,15:00,4684.17365,296.794029,,,LGB4->ONT5,15:00,4750.050736,310.1129656
,,LGB4->ONT5,0:00,16:00,6642.9478,727.7287796,,,LGB4->ONT5,16:00,5284.90337,493.714971,,,LGB4->ONT5,16:00,5281.383819,515.1899493
,,LGB4->ONT5,0:00,17:00,7168.323696,969.999766,,,LGB4->ONT5,17:00,5752.22038,701.060267,,,LGB4->ONT5,17:00,5761.447457,730.6298854
,,LGB4->ONT5,0:00,18:00,7573.921548,1090.576816,,,LGB4->ONT5,18:00,6227.32586,784.852022,,,LGB4->ONT5,18:00,6177.232683,805.3397692
,,LGB4->ONT5,0:00,19:00,8004.534532,1459.934372,,,LGB4->ONT5,19:00,6771.58586,1009.52809,,,LGB4->ONT5,19:00,6673.124069,1073.663526
,,LGB4->ONT5,0:00,20:00,8647.112222,1786.69574,,,LGB4->ONT5,20:00,7494.83975,1253.40382,,,LGB4->ONT5,20:00,7154.903299,1281.674336
,,LGB4->ONT5,0:00,21:00,9128.96989,2051.878022,,,LGB4->ONT5,21:00,8171.68857,1538.76914,,,LGB4->ONT5,21:00,7661.084746,1569.330963
,,LGB4->ONT5,0:00,22:00,9426.670172,2463.846042,,,LGB4->ONT5,22:00,8600.84151,1760.08359,,,LGB4->ONT5,22:00,8081.959135,1889.839088
,,LGB4->ONT5,0:00,23:00,9603.667174,2382.7383,,,LGB4->ONT5,23:00,8718.474245,1880.575265,,,LGB4->ONT5,23:00,8226.392623,1949.955673
,,TPA1->MIA5,18:00,0:00,6901.739814,5992.82619,,,TPA1->MIA5,0:00,5676.72817,4912.56801,,,TPA1->MIA5,0:00,5680.617767,5001.254464
,,TPA1->MIA5,18:00,1:00,7073.327066,6669.24202,,,TPA1->MIA5,1:00,5689.11274,5530.06909,,,TPA1->MIA5,1:00,5744.922069,5496.347456
,,TPA1->MIA5,18:00,2:00,7250.84736,7043.302932,,,TPA1->MIA5,2:00,5728.97519,5637.97334,,,TPA1->MIA5,2:00,5788.682815,5668.285494
,,TPA1->MIA5,18:00,3:00,7314.752184,7176.352288,,,TPA1->MIA5,3:00,5719.13078,5647.92541,,,TPA1->MIA5,3:00,5737.858844,5664.159636
,,TPA1->MIA5,18:00,4:00,7284.047044,7176.318184,,,TPA1->MIA5,4:00,5705.24297,5647.39543,,,TPA1->MIA5,4:00,5725.386108,5663.965827
,,TPA1->MIA5,18:00,5:00,1569.328402,300.7237332,,,TPA1->MIA5,5:00,685.374195,181.182995,,,TPA1->MIA5,5:00,840.2717554,184.6596207
,,TPA1->MIA5,18:00,6:00,1613.346106,300.7237332,,,TPA1->MIA5,6:00,708.031906,181.182995,,,TPA1->MIA5,6:00,869.9082721,184.6596207
,,TPA1->MIA5,18:00,7:00,1799.79621,402.5288884,,,TPA1->MIA5,7:00,811.544577,269.787521,,,TPA1->MIA5,7:00,987.8715748,265.1555611
,,TPA1->MIA5,18:00,8:00,2107.514494,805.246558,,,TPA1->MIA5,8:00,1053.37851,522.675514,,,TPA1->MIA5,8:00,1236.827324,501.5856903
,,TPA1->MIA5,18:00,9:00,2526.27762,1129.955726,,,TPA1->MIA5,9:00,1340.63652,639.882757,,,TPA1->MIA5,9:00,1464.123133,660.1514536
,,TPA1->MIA5,18:00,10:00,2832.785124,1501.25711,,,TPA1->MIA5,10:00,1716.82562,865.110232,,,TPA1->MIA5,10:00,1782.476263,878.3932557
,,TPA1->MIA5,18:00,11:00,3206.839852,1858.59382,,,TPA1->MIA5,11:00,2063.13299,1103.78194,,,TPA1->MIA5,11:00,2094.587339,1163.652221
,,TPA1->MIA5,18:00,12:00,3436.839346,2062.675834,,,TPA1->MIA5,12:00,2291.61624,1174.26603,,,TPA1->MIA5,12:00,2326.002191,1238.48621
,,TPA1->MIA5,18:00,13:00,3780.55753,2441.211466,,,TPA1->MIA5,13:00,2582.45293,1398.98158,,,TPA1->MIA5,13:00,2647.564426,1466.33582
,,TPA1->MIA5,18:00,14:00,4114.314234,2688.606862,,,TPA1->MIA5,14:00,2915.99508,1635.16548,,,TPA1->MIA5,14:00,2973.195598,1711.519593
,,TPA1->MIA5,18:00,15:00,4393.799086,2853.68315,,,TPA1->MIA5,15:00,3225.70135,1773.85563,,,TPA1->MIA5,15:00,3300.865917,1876.539049
,,TPA1->MIA5,18:00,16:00,4743.241364,3148.120284,,,TPA1->MIA5,16:00,3512.67979,2023.39802,,,TPA1->MIA5,16:00,3652.410124,2132.571104
,,TPA1->MIA5,18:00,17:00,5024.193316,3454.703606,,,TPA1->MIA5,17:00,3861.31276,2256.26145,,,TPA1->MIA5,17:00,3974.571429,2388.142739
,,TPA1->MIA5,18:00,18:00,5285.349194,3527.783352,,,TPA1->MIA5,18:00,4173.83789,2353.80808,,,TPA1->MIA5,18:00,4239.546088,2499.191598
,,TPA1->MIA5,18:00,19:00,5580.283294,3809.030646,,,TPA1->MIA5,19:00,4422.86993,2747.85131,,,TPA1->MIA5,19:00,4532.715991,2834.032985
,,TPA1->MIA5,18:00,20:00,5925.962782,4277.73181,,,TPA1->MIA5,20:00,4825.53329,3161.25303,,,TPA1->MIA5,20:00,4854.481339,3223.529997
,,TPA1->MIA5,18:00,21:00,6355.771132,4791.749854,,,TPA1->MIA5,21:00,5185.37066,3510.58545,,,TPA1->MIA5,21:00,5211.341756,3692.790832
,,TPA1->MIA5,18:00,22:00,6770.132498,5321.079282,,,TPA1->MIA5,22:00,5546.8577,4042.45621,,,TPA1->MIA5,22:00,5552.130095,4261.614254
,,TPA1->MIA5,18:00,23:00,6903.941098,5482.632072,,,TPA1->MIA5,23:00,5670.18453,4396.93471,,,TPA1->MIA5,23:00,5666.852857,4568.040988
,,BWI2->EWR8,2:00,0:00,7842.50579,7432.312232,,,BWI2->EWR8,0:00,7381.96756,6645.75435,,,BWI2->EWR8,0:00,6906.316967,6148.424779
,,BWI2->EWR8,2:00,1:00,7855.869416,7701.900258,,,BWI2->EWR8,1:00,7474.74307,7343.44042,,,BWI2->EWR8,1:00,6975.484674,6737.80325
,,BWI2->EWR8,2:00,2:00,7861.54638,7758.20418,,,BWI2->EWR8,2:00,7512.05335,7404.64977,,,BWI2->EWR8,2:00,7000.743226,6850.980128
,,BWI2->EWR8,2:00,3:00,7827.211866,7757.533462,,,BWI2->EWR8,3:00,7289.82326,7223.4595,,,BWI2->EWR8,3:00,6770.405019,6613.284287
,,BWI2->EWR8,2:00,4:00,2042.8451,572.3419504,,,BWI2->EWR8,4:00,1339.616,261.973721,,,BWI2->EWR8,4:00,1436.83961,297.8054802
,,BWI2->EWR8,2:00,5:00,2088.019904,581.1541544,,,BWI2->EWR8,5:00,1348.57371,269.223943,,,BWI2->EWR8,5:00,1465.015698,301.6207035
,,BWI2->EWR8,2:00,6:00,2153.67318,581.2493296,,,BWI2->EWR8,6:00,1452.7976,269.223943,,,BWI2->EWR8,6:00,1512.396737,301.9460844
,,BWI2->EWR8,2:00,7:00,2305.739508,673.3165832,,,BWI2->EWR8,7:00,1614.01269,319.815534,,,BWI2->EWR8,7:00,1662.409094,351.5771975
,,BWI2->EWR8,2:00,8:00,2626.58076,975.1734216,,,BWI2->EWR8,8:00,1903.96222,502.211951,,,BWI2->EWR8,8:00,1947.359999,555.2883132
,,BWI2->EWR8,2:00,9:00,2986.667138,1265.995398,,,BWI2->EWR8,9:00,2261.22547,669.498349,,,BWI2->EWR8,9:00,2230.145943,715.2200695
,,BWI2->EWR8,2:00,10:00,3458.708162,1635.718298,,,BWI2->EWR8,10:00,2532.50866,1050.29529,,,BWI2->EWR8,10:00,2620.31609,1012.736788
,,BWI2->EWR8,2:00,11:00,3861.369036,1800.807282,,,BWI2->EWR8,11:00,2877.17431,1141.87763,,,BWI2->EWR8,11:00,2952.252548,1136.314886
,,BWI2->EWR8,2:00,12:00,4147.13044,2002.015776,,,BWI2->EWR8,12:00,3331.8319,1378.78562,,,BWI2->EWR8,12:00,3313.770899,1315.912256
,,BWI2->EWR8,2:00,13:00,4703.51287,2443.5342,,,BWI2->EWR8,13:00,3835.36268,1762.10564,,,BWI2->EWR8,13:00,3750.962782,1604.40141
,,BWI2->EWR8,2:00,14:00,5070.595854,2776.572834,,,BWI2->EWR8,14:00,4300.19639,2088.50499,,,BWI2->EWR8,14:00,4175.180308,1851.461358
,,BWI2->EWR8,2:00,15:00,5538.706328,3049.556158,,,BWI2->EWR8,15:00,4593.85614,2339.9937,,,BWI2->EWR8,15:00,4521.186138,2057.844084
,,BWI2->EWR8,2:00,16:00,5802.57354,3500.775966,,,BWI2->EWR8,16:00,4857.16121,2801.73212,,,BWI2->EWR8,16:00,4805.160423,2441.881876
,,BWI2->EWR8,2:00,17:00,6139.06162,3958.491806,,,BWI2->EWR8,17:00,5315.88836,3106.44184,,,BWI2->EWR8,17:00,5208.568519,2786.18008
,,BWI2->EWR8,2:00,18:00,6617.369668,4063.67057,,,BWI2->EWR8,18:00,5717.55371,3181.82037,,,BWI2->EWR8,18:00,5574.104931,2889.020827
,,BWI2->EWR8,2:00,19:00,7110.21124,4469.12113,,,BWI2->EWR8,19:00,5987.68981,3518.40464,,,BWI2->EWR8,19:00,5895.195554,3302.982165
,,BWI2->EWR8,2:00,20:00,7546.243122,5250.761616,,,BWI2->EWR8,20:00,6297.42096,4294.27434,,,BWI2->EWR8,20:00,6207.666743,3869.067115
,,BWI2->EWR8,2:00,21:00,7716.47346,5766.340154,,,BWI2->EWR8,21:00,7014.72175,4839.5393,,,BWI2->EWR8,21:00,6644.742015,4330.798019
,,BWI2->EWR8,2:00,22:00,7779.276852,6673.032402,,,BWI2->EWR8,22:00,7254.90394,5582.58714,,,BWI2->EWR8,22:00,6814.234051,5155.320769
,,BWI2->EWR8,2:00,23:00,7821.11884,7306.611608,,,BWI2->EWR8,23:00,7327.57539,6357.41075,,,BWI2->EWR8,23:00,6867.324148,5801.875778
,,LGA9->EWR5,10:00,0:00,5986.332712,5778.421976,,,LGA9->EWR5,0:00,5737.78097,5307.99717,,,LGA9->EWR5,0:00,5588.042369,5253.247287
,,LGA9->EWR5,10:00,1:00,6039.524238,5895.508286,,,LGA9->EWR5,1:00,5754.2023,5592.26381,,,LGA9->EWR5,1:00,5651.179281,5538.694199
,,LGA9->EWR5,10:00,2:00,6090.54957,6048.907016,,,LGA9->EWR5,2:00,5745.53935,5669.70506,,,LGA9->EWR5,2:00,5721.908289,5664.737983
,,LGA9->EWR5,10:00,3:00,6101.287972,6062.90467,,,LGA9->EWR5,3:00,5729.71508,5669.25188,,,LGA9->EWR5,3:00,5712.377639,5662.933561
,,LGA9->EWR5,10:00,4:00,1007.268009,200.196342,,,LGA9->EWR5,4:00,575.865101,52.734139,,,LGA9->EWR5,4:00,605.5243965,77.88893107
,,LGA9->EWR5,10:00,5:00,1070.463238,300.2550324,,,LGA9->EWR5,5:00,628.961987,57.287398,,,LGA9->EWR5,5:00,650.5198211,106.1570615
,,LGA9->EWR5,10:00,6:00,1139.385398,464.8835324,,,LGA9->EWR5,6:00,756.505367,169.194612,,,LGA9->EWR5,6:00,767.404099,202.9046538
,,LGA9->EWR5,10:00,7:00,1292.240778,664.7384374,,,LGA9->EWR5,7:00,921.533301,358.411313,,,LGA9->EWR5,7:00,940.9591577,346.3156693
,,LGA9->EWR5,10:00,8:00,1532.64466,846.8924654,,,LGA9->EWR5,8:00,1154.65108,537.14558,,,LGA9->EWR5,8:00,1135.62967,481.4482169
,,LGA9->EWR5,10:00,9:00,1753.670934,936.6775138,,,LGA9->EWR5,9:00,1371.10386,578.373824,,,LGA9->EWR5,9:00,1334.275241,531.9430029
,,LGA9->EWR5,10:00,10:00,2145.794948,1264.768052,,,LGA9->EWR5,10:00,1737.87468,855.778333,,,LGA9->EWR5,10:00,1692.795171,767.952042
,,LGA9->EWR5,10:00,11:00,2444.518626,1667.68823,,,LGA9->EWR5,11:00,2071.19278,1078.30056,,,LGA9->EWR5,11:00,2022.639509,1021.258754
,,LGA9->EWR5,10:00,12:00,2748.114948,1919.784546,,,LGA9->EWR5,12:00,2390.40421,1331.07626,,,LGA9->EWR5,12:00,2354.0174,1281.842765
,,LGA9->EWR5,10:00,13:00,3094.913822,1974.038052,,,LGA9->EWR5,13:00,2653.17125,1456.58343,,,LGA9->EWR5,13:00,2630.383868,1377.769347
,,LGA9->EWR5,10:00,14:00,3478.947606,2201.102934,,,LGA9->EWR5,14:00,3029.29504,1686.3737,,,LGA9->EWR5,14:00,2951.809896,1631.493166
,,LGA9->EWR5,10:00,15:00,3850.05003,2416.987508,,,LGA9->EWR5,15:00,3330.00192,1940.93992,,,LGA9->EWR5,15:00,3253.842047,1894.164278
,,LGA9->EWR5,10:00,16:00,4192.362212,2614.872224,,,LGA9->EWR5,16:00,3514.57016,2022.80224,,,LGA9->EWR5,16:00,3537.420857,2049.393881
,,LGA9->EWR5,10:00,17:00,4519.789708,3026.048624,,,LGA9->EWR5,17:00,3844.72261,2328.13521,,,LGA9->EWR5,17:00,3838.368087,2339.570911
,,LGA9->EWR5,10:00,18:00,4864.280812,3460.89433,,,LGA9->EWR5,18:00,4151.43911,2774.05993,,,LGA9->EWR5,18:00,4162.565046,2770.831562
,,LGA9->EWR5,10:00,19:00,5301.032336,4022.295692,,,LGA9->EWR5,19:00,4476.06861,3267.72964,,,LGA9->EWR5,19:00,4523.985596,3244.743819
,,LGA9->EWR5,10:00,20:00,5618.485024,4214.234874,,,LGA9->EWR5,20:00,4834.56573,3409.02679,,,LGA9->EWR5,20:00,4862.927507,3432.596694
,,LGA9->EWR5,10:00,21:00,5748.291508,4744.31959,,,LGA9->EWR5,21:00,5372.47083,3909.43642,,,LGA9->EWR5,21:00,5227.250808,3962.032238
,,LGA9->EWR5,10:00,22:00,5906.594224,5322.209514,,,LGA9->EWR5,22:00,5661.67708,4436.85473,,,LGA9->EWR5,22:00,5501.746197,4545.459021
,,LGA9->EWR5,10:00,23:00,5961.520222,5742.639324,,,LGA9->EWR5,23:00,5716.07978,5079.27565,,,LGA9->EWR5,23:00,5564.821689,5078.30599
,,EWR9->EWR8,14:00,0:00,5584.485264,1315.86036,,,EWR9->EWR8,0:00,4684.35287,689.939122,,,EWR9->EWR8,0:00,4538.527931,782.0551109
,,EWR9->EWR8,14:00,1:00,5663.059442,1657.239612,,,EWR9->EWR8,1:00,4697.8095,861.537113,,,EWR9->EWR8,1:00,4573.498909,1018.241195
,,EWR9->EWR8,14:00,2:00,5726.059052,1950.056342,,,EWR9->EWR8,2:00,4796.96488,1084.5852,,,EWR9->EWR8,2:00,4615.082172,1280.888274
,,EWR9->EWR8,14:00,3:00,5756.957816,2231.241692,,,EWR9->EWR8,3:00,4867.932,1339.5477,,,EWR9->EWR8,3:00,4679.92454,1476.53583
,,EWR9->EWR8,14:00,4:00,5756.793882,2710.671434,,,EWR9->EWR8,4:00,4849.3173,1747.97431,,,EWR9->EWR8,4:00,4718.978721,1820.829429
,,EWR9->EWR8,14:00,5:00,5723.278322,2744.451244,,,EWR9->EWR8,5:00,4864.5346,1771.64161,,,EWR9->EWR8,5:00,4733.399064,1848.149439
,,EWR9->EWR8,14:00,6:00,5723.06057,2744.451244,,,EWR9->EWR8,6:00,4882.02171,1771.64161,,,EWR9->EWR8,6:00,4749.961797,1848.342937
,,EWR9->EWR8,14:00,7:00,5752.919914,2928.97685,,,EWR9->EWR8,7:00,4892.83941,1851.39672,,,EWR9->EWR8,7:00,4779.914514,1950.341931
,,EWR9->EWR8,14:00,8:00,5975.458466,3477.781048,,,EWR9->EWR8,8:00,5119.78473,2384.14258,,,EWR9->EWR8,8:00,4879.276595,2381.886639
,,EWR9->EWR8,14:00,9:00,6083.997148,4043.618026,,,EWR9->EWR8,9:00,5280.1047,2946.43924,,,EWR9->EWR8,9:00,4997.723386,2910.819096
,,EWR9->EWR8,14:00,10:00,6269.531206,4482.354072,,,EWR9->EWR8,10:00,5415.98629,3407.38608,,,EWR9->EWR8,10:00,5176.459806,3312.659894
,,EWR9->EWR8,14:00,11:00,6499.035592,5031.854606,,,EWR9->EWR8,11:00,5564.83761,4133.02875,,,EWR9->EWR8,11:00,5349.021182,3896.555482
,,EWR9->EWR8,14:00,12:00,6731.677,5141.346232,,,EWR9->EWR8,12:00,5708.16842,4308.5353,,,EWR9->EWR8,12:00,5533.625269,4088.77715
,,EWR9->EWR8,14:00,13:00,6918.7226,5610.195888,,,EWR9->EWR8,13:00,5885.83685,4927.16705,,,EWR9->EWR8,13:00,5712.151219,4661.929404
,,EWR9->EWR8,14:00,14:00,6977.569192,6097.670676,,,EWR9->EWR8,14:00,5999.56836,5394.07217,,,EWR9->EWR8,14:00,5764.254948,5174.593344
,,EWR9->EWR8,14:00,15:00,6912.635286,6501.938046,,,EWR9->EWR8,15:00,6064.9017,5889.41446,,,EWR9->EWR8,15:00,5804.692629,5562.106582
,,EWR9->EWR8,14:00,16:00,7070.463718,6955.363278,,,EWR9->EWR8,16:00,6194.26674,6131.17942,,,EWR9->EWR8,16:00,5915.574071,5824.17734
,,EWR9->EWR8,14:00,17:00,7166.665868,7107.96937,,,EWR9->EWR8,17:00,6199.02767,6167.66575,,,EWR9->EWR8,17:00,5996.584168,5936.56112
,,EWR9->EWR8,14:00,18:00,7163.672872,7107.809712,,,EWR9->EWR8,18:00,6191.54668,6167.5716,,,EWR9->EWR8,18:00,5987.153214,5936.191619
,,EWR9->EWR8,14:00,19:00,3539.698482,348.9393944,,,EWR9->EWR8,19:00,2910.42701,201.413036,,,EWR9->EWR8,19:00,2816.068908,218.4342988
,,EWR9->EWR8,14:00,20:00,3844.129042,549.7593716,,,EWR9->EWR8,20:00,3160.64857,323.616176,,,EWR9->EWR8,20:00,3066.592768,341.9638785
,,EWR9->EWR8,14:00,21:00,4133.989554,712.1638266,,,EWR9->EWR8,21:00,3493.06869,369.66802,,,EWR9->EWR8,21:00,3428.668129,415.1901724
,,EWR9->EWR8,14:00,22:00,4877.28827,956.5788052,,,EWR9->EWR8,22:00,3969.30975,498.290959,,,EWR9->EWR8,22:00,3917.340584,565.0207379
,,EWR9->EWR8,14:00,23:00,5510.867128,1230.237646,,,EWR9->EWR8,23:00,4598.04823,643.568017,,,EWR9->EWR8,23:00,4423.787067,728.7841613
,,DFW7->CVG9,2:00,0:00,5976.043424,1339.13004,,,DFW7->CVG9,0:00,3487.04471,483.811194,,,DFW7->CVG9,0:00,3661.126643,648.1030314
,,DFW7->CVG9,2:00,1:00,6021.76324,1847.648152,,,DFW7->CVG9,1:00,3472.27574,668.861439,,,DFW7->CVG9,1:00,3685.189378,871.747566
,,DFW7->CVG9,2:00,2:00,6036.964618,2382.954462,,,DFW7->CVG9,2:00,3467.51595,915.148988,,,DFW7->CVG9,2:00,3673.085422,1102.629123
,,DFW7->CVG9,2:00,3:00,6013.135206,2923.46307,,,DFW7->CVG9,3:00,3435.15995,1092.11839,,,DFW7->CVG9,3:00,3675.232205,1330.096609
,,DFW7->CVG9,2:00,4:00,6099.112172,3454.108934,,,DFW7->CVG9,4:00,3410.93487,1260.19983,,,DFW7->CVG9,4:00,3688.058437,1538.956705
,,DFW7->CVG9,2:00,5:00,6109.408076,3466.274358,,,DFW7->CVG9,5:00,3418.98622,1262.47673,,,DFW7->CVG9,5:00,3685.45565,1544.303941
,,DFW7->CVG9,2:00,6:00,6272.08054,3466.274358,,,DFW7->CVG9,6:00,3522.14559,1262.47673,,,DFW7->CVG9,6:00,3761.296774,1544.339803
,,DFW7->CVG9,2:00,7:00,6123.738144,3572.84264,,,DFW7->CVG9,7:00,3446.36625,1346.46977,,,DFW7->CVG9,7:00,3689.090253,1612.422913
,,DFW7->CVG9,2:00,8:00,6109.544548,4166.696608,,,DFW7->CVG9,8:00,3513.61102,1617.85625,,,DFW7->CVG9,8:00,3767.26445,1933.210811
,,DFW7->CVG9,2:00,9:00,6211.900402,4676.440284,,,DFW7->CVG9,9:00,3641.54801,1862.65473,,,DFW7->CVG9,9:00,3868.2385,2208.778797
,,DFW7->CVG9,2:00,10:00,6179.149306,5112.592228,,,DFW7->CVG9,10:00,3757.2164,2173.64663,,,DFW7->CVG9,10:00,3943.00281,2503.770901
,,DFW7->CVG9,2:00,11:00,6324.777092,5435.515236,,,DFW7->CVG9,11:00,3898.4163,2302.97452,,,DFW7->CVG9,11:00,4024.197293,2803.532151
,,DFW7->CVG9,2:00,12:00,6408.468256,5548.43488,,,DFW7->CVG9,12:00,4045.25681,2370.8938,,,DFW7->CVG9,12:00,4099.784224,2912.395261
,,DFW7->CVG9,2:00,13:00,6454.45035,5864.227456,,,DFW7->CVG9,13:00,4117.01877,2667.35588,,,DFW7->CVG9,13:00,4141.093289,3247.977018
,,DFW7->CVG9,2:00,14:00,6454.279462,6085.644804,,,DFW7->CVG9,14:00,4022.56827,3084.36558,,,DFW7->CVG9,14:00,4140.339315,3589.079026
,,DFW7->CVG9,2:00,15:00,6455.905842,6219.396226,,,DFW7->CVG9,15:00,4033.83027,3542.9583,,,DFW7->CVG9,15:00,4107.647917,3855.06229
,,DFW7->CVG9,2:00,16:00,6457.238372,6369.95291,,,DFW7->CVG9,16:00,4063.76327,3877.31961,,,DFW7->CVG9,16:00,4161.660527,4095.920428
,,DFW7->CVG9,2:00,17:00,6456.402506,6405.080336,,,DFW7->CVG9,17:00,4069.67188,3993.85919,,,DFW7->CVG9,17:00,4186.983455,4150.590081
,,DFW7->CVG9,2:00,18:00,6451.274806,6405.036504,,,DFW7->CVG9,18:00,4295.17391,3993.65161,,,DFW7->CVG9,18:00,4519.37388,4150.223946
,,DFW7->CVG9,2:00,19:00,5334.307084,314.494412,,,DFW7->CVG9,19:00,3299.05382,93.953321,,,DFW7->CVG9,19:00,3364.409496,136.2247408
,,DFW7->CVG9,2:00,20:00,5552.536372,508.180307,,,DFW7->CVG9,20:00,3354.18849,207.616399,,,DFW7->CVG9,20:00,3446.694448,254.9349015
,,DFW7->CVG9,2:00,21:00,5727.330498,752.4434696,,,DFW7->CVG9,21:00,3401.39793,273.891802,,,DFW7->CVG9,21:00,3527.683339,350.4494941
,,DFW7->CVG9,2:00,22:00,5886.400368,1105.249996,,,DFW7->CVG9,22:00,3472.17575,388.940385,,,DFW7->CVG9,22:00,3596.104823,472.463747
,,DFW7->CVG9,2:00,23:00,5934.54419,1190.12586,,,DFW7->CVG9,23:00,3478.89642,435.63232,,,DFW7->CVG9,23:00,3635.617055,541.4239404
,,EWR4->EWR8,20:00,0:00,9890.786128,9710.826904,,,EWR4->EWR8,0:00,8096.20221,7951.86812,,,EWR4->EWR8,0:00,7959.902578,7806.485938
,,EWR4->EWR8,20:00,1:00,9936.339434,9728.613496,,,EWR4->EWR8,1:00,8207.3321,8073.15882,,,EWR4->EWR8,1:00,8042.014992,7918.233304
,,EWR4->EWR8,20:00,2:00,9926.626388,9728.3871,,,EWR4->EWR8,2:00,8207.32063,8073.15882,,,EWR4->EWR8,2:00,8035.909385,7917.794832
,,EWR4->EWR8,20:00,3:00,2490.65633,906.0187432,,,EWR4->EWR8,3:00,1315.5613,394.378815,,,EWR4->EWR8,3:00,1603.771821,519.0169296
,,EWR4->EWR8,20:00,4:00,2562.607556,1121.918346,,,EWR4->EWR8,4:00,1486.65704,575.954017,,,EWR4->EWR8,4:00,1690.863964,687.0863753
,,EWR4->EWR8,20:00,5:00,2652.243146,1134.11567,,,EWR4->EWR8,5:00,1525.86046,587.363219,,,EWR4->EWR8,5:00,1725.202489,694.9841491
,,EWR4->EWR8,20:00,6:00,2786.266976,1134.11567,,,EWR4->EWR8,6:00,1597.03988,587.363219,,,EWR4->EWR8,6:00,1796.655189,694.9283737
,,EWR4->EWR8,20:00,7:00,2905.462084,1221.172198,,,EWR4->EWR8,7:00,1752.15406,682.538964,,,EWR4->EWR8,7:00,1970.717737,772.2309732
,,EWR4->EWR8,20:00,8:00,3234.268786,1623.075892,,,EWR4->EWR8,8:00,2094.47327,967.927675,,,EWR4->EWR8,8:00,2311.375782,1060.563045
,,EWR4->EWR8,20:00,9:00,3625.295806,1980.754012,,,EWR4->EWR8,9:00,2504.58299,1242.29105,,,EWR4->EWR8,9:00,2677.560514,1293.794602
,,EWR4->EWR8,20:00,10:00,4046.418636,2223.1064,,,EWR4->EWR8,10:00,2903.67192,1649.91823,,,EWR4->EWR8,10:00,3107.215426,1599.851065
,,EWR4->EWR8,20:00,11:00,4573.467226,2565.46728,,,EWR4->EWR8,11:00,3431.19058,1986.56469,,,EWR4->EWR8,11:00,3536.691523,1898.965515
,,EWR4->EWR8,20:00,12:00,5019.616542,2625.883124,,,EWR4->EWR8,12:00,3759.98806,2079.92483,,,EWR4->EWR8,12:00,3870.517344,1972.590988
,,EWR4->EWR8,20:00,13:00,5571.502078,2995.567114,,,EWR4->EWR8,13:00,4157.01749,2495.22821,,,EWR4->EWR8,13:00,4310.47869,2281.419377
,,EWR4->EWR8,20:00,14:00,6043.483628,3605.07885,,,EWR4->EWR8,14:00,4570.95402,2990.87787,,,EWR4->EWR8,14:00,4744.802339,2749.400802
,,EWR4->EWR8,20:00,15:00,6630.126316,4039.35562,,,EWR4->EWR8,15:00,5116.74233,3476.49044,,,EWR4->EWR8,15:00,5173.972346,3147.746726
,,EWR4->EWR8,20:00,16:00,6943.62632,4598.818598,,,EWR4->EWR8,16:00,5526.79843,3919.95908,,,EWR4->EWR8,16:00,5622.35789,3665.475119
,,EWR4->EWR8,20:00,17:00,7577.547126,5256.026918,,,EWR4->EWR8,17:00,5994.74307,4204.77998,,,EWR4->EWR8,17:00,6068.725744,4146.990651
,,EWR4->EWR8,20:00,18:00,8127.011356,5534.549722,,,EWR4->EWR8,18:00,6381.00781,4519.3669,,,EWR4->EWR8,18:00,6480.189573,4368.346461
,,EWR4->EWR8,20:00,19:00,8845.959588,6609.239904,,,EWR4->EWR8,19:00,6823.04649,5443.48349,,,EWR4->EWR8,19:00,6972.262064,5290.080624
,,EWR4->EWR8,20:00,20:00,9585.374472,7601.324366,,,EWR4->EWR8,20:00,7513.2666,6112.01534,,,EWR4->EWR8,20:00,7549.748748,6125.124867
,,EWR4->EWR8,20:00,21:00,9785.152424,8463.901172,,,EWR4->EWR8,21:00,7831.62551,6485.90436,,,EWR4->EWR8,21:00,7784.204389,6669.53976
,,EWR4->EWR8,20:00,22:00,9793.695908,9198.085646,,,EWR4->EWR8,22:00,7838.88031,7285.78038,,,EWR4->EWR8,22:00,7817.37188,7291.09217
,,EWR4->EWR8,20:00,23:00,9838.730188,9633.426266,,,EWR4->EWR8,23:00,8010.88397,7835.61283,,,EWR4->EWR8,23:00,7896.659146,7659.928116
,,JAX2->ATL6,3:30,0:00,7571.944316,4817.367978,,,JAX2->ATL6,0:00,6531.43658,4106.90564,,,JAX2->ATL6,0:00,6340.597731,3886.828855
,,JAX2->ATL6,3:30,1:00,7697.733366,5548.247868,,,JAX2->ATL6,1:00,6675.6125,4675.60703,,,JAX2->ATL6,1:00,6442.160309,4501.757077
,,JAX2->ATL6,3:30,2:00,7767.67005,5834.401244,,,JAX2->ATL6,2:00,6808.70099,4945.6991,,,JAX2->ATL6,2:00,6500.026419,4789.032331
,,JAX2->ATL6,3:30,3:00,7760.699914,6596.88548,,,JAX2->ATL6,3:00,6824.19437,5649.36663,,,JAX2->ATL6,3:00,6471.467476,5356.624443
,,JAX2->ATL6,3:30,4:00,7877.00593,7178.604614,,,JAX2->ATL6,4:00,6954.28851,6065.17401,,,JAX2->ATL6,4:00,6535.636302,5815.403767
,,JAX2->ATL6,3:30,5:00,7886.442566,7192.228368,,,JAX2->ATL6,5:00,6988.94778,6172.5546,,,JAX2->ATL6,5:00,6551.059729,5941.400952
,,JAX2->ATL6,3:30,6:00,7880.31486,7295.009122,,,JAX2->ATL6,6:00,6981.72446,6448.47929,,,JAX2->ATL6,6:00,6558.342783,6055.281397
,,JAX2->ATL6,3:30,7:00,7890.043312,7435.829316,,,JAX2->ATL6,7:00,6981.58136,6564.71402,,,JAX2->ATL6,7:00,6568.262034,6209.722258
,,JAX2->ATL6,3:30,8:00,7950.173208,7843.544988,,,JAX2->ATL6,8:00,7062.97278,6971.51037,,,JAX2->ATL6,8:00,6634.095385,6523.499449
,,JAX2->ATL6,3:30,9:00,8062.667796,7989.562804,,,JAX2->ATL6,9:00,7134.91929,7102.8408,,,JAX2->ATL6,9:00,6689.09184,6614.866687
,,JAX2->ATL6,3:30,10:00,8053.324398,7989.562804,,,JAX2->ATL6,10:00,7132.2042,7102.8408,,,JAX2->ATL6,10:00,6679.730263,6614.702733
,,JAX2->ATL6,3:30,11:00,1933.311094,526.4744664,,,JAX2->ATL6,11:00,1356.32031,310.122998,,,JAX2->ATL6,11:00,1426.427721,321.2395441
,,JAX2->ATL6,3:30,12:00,2281.483936,779.300058,,,JAX2->ATL6,12:00,1719.67486,558.644269,,,JAX2->ATL6,12:00,1762.943945,540.008297
,,JAX2->ATL6,3:30,13:00,2683.878226,1104.797994,,,JAX2->ATL6,13:00,2124.06271,769.005275,,,JAX2->ATL6,13:00,2126.39991,744.7245928
,,JAX2->ATL6,3:30,14:00,3109.893156,1374.37692,,,JAX2->ATL6,14:00,2480.92133,985.257743,,,JAX2->ATL6,14:00,2495.549015,962.8992436
,,JAX2->ATL6,3:30,15:00,3509.947616,1492.081236,,,JAX2->ATL6,15:00,2946.27265,1095.10702,,,JAX2->ATL6,15:00,2861.871472,1068.533336
,,JAX2->ATL6,3:30,16:00,3959.620908,1853.797514,,,JAX2->ATL6,16:00,3387.36753,1395.55223,,,JAX2->ATL6,16:00,3248.640039,1316.777277
,,JAX2->ATL6,3:30,17:00,4427.998286,2256.858868,,,JAX2->ATL6,17:00,3800.9487,1626.29266,,,JAX2->ATL6,17:00,3642.589089,1586.767838
,,JAX2->ATL6,3:30,18:00,4872.46375,2382.656052,,,JAX2->ATL6,18:00,4145.16767,1799.35979,,,JAX2->ATL6,18:00,4001.83492,1701.170437
,,JAX2->ATL6,3:30,19:00,5335.438124,2797.232586,,,JAX2->ATL6,19:00,4589.41994,2152.90048,,,JAX2->ATL6,19:00,4399.280169,2035.509301
,,JAX2->ATL6,3:30,20:00,5815.631244,3189.382784,,,JAX2->ATL6,20:00,5058.36249,2478.65623,,,JAX2->ATL6,20:00,4833.268233,2382.963173
,,JAX2->ATL6,3:30,21:00,6476.298612,3639.442432,,,JAX2->ATL6,21:00,5523.53767,2808.29363,,,JAX2->ATL6,21:00,5321.987448,2749.381225
,,JAX2->ATL6,3:30,22:00,7102.632646,3744.798464,,,JAX2->ATL6,22:00,6035.3002,2917.02011,,,JAX2->ATL6,22:00,5817.792535,2870.565832
,,JAX2->ATL6,3:30,23:00,7486.43457,4249.329654,,,JAX2->ATL6,23:00,6394.07289,3589.85472,,,JAX2->ATL6,23:00,6198.485245,3361.980317
,,BDL2->EWR8,18:00,0:00,4094.34277,3606.554152,,,BDL2->EWR8,0:00,3997.61995,3073.92795,,,BDL2->EWR8,0:00,3745.599678,3061.863313
,,BDL2->EWR8,18:00,1:00,4123.942428,3947.299232,,,BDL2->EWR8,1:00,3994.09973,3627.56578,,,BDL2->EWR8,1:00,3770.668792,3511.384384
,,BDL2->EWR8,18:00,2:00,4136.463658,3991.168612,,,BDL2->EWR8,2:00,3978.31752,3805.80932,,,BDL2->EWR8,2:00,3785.408029,3638.184298
,,BDL2->EWR8,18:00,3:00,4186.027982,4132.022684,,,BDL2->EWR8,3:00,3992.73556,3887.36251,,,BDL2->EWR8,3:00,3833.632869,3768.377063
,,BDL2->EWR8,18:00,4:00,4231.946148,4216.925278,,,BDL2->EWR8,4:00,4006.15351,3904.84594,,,BDL2->EWR8,4:00,3861.446129,3814.892243
,,BDL2->EWR8,18:00,5:00,4231.241306,4216.925278,,,BDL2->EWR8,5:00,3990.77012,3904.84594,,,BDL2->EWR8,5:00,3856.73356,3814.642959
,,BDL2->EWR8,18:00,6:00,677.997946,176.1191738,,,BDL2->EWR8,6:00,328.195774,27.089892,,,BDL2->EWR8,6:00,384.3251341,66.08347924
,,BDL2->EWR8,18:00,7:00,699.7617222,207.2691858,,,BDL2->EWR8,7:00,403.432154,49.863445,,,BDL2->EWR8,7:00,437.0721219,83.0327471
,,BDL2->EWR8,18:00,8:00,774.7409112,333.1695462,,,BDL2->EWR8,8:00,491.559153,127.07094,,,BDL2->EWR8,8:00,534.8964647,150.7510249
,,BDL2->EWR8,18:00,9:00,912.8757006,435.3214202,,,BDL2->EWR8,9:00,622.541171,182.275864,,,BDL2->EWR8,9:00,664.5446492,219.4975126
,,BDL2->EWR8,18:00,10:00,1075.526836,537.2486228,,,BDL2->EWR8,10:00,788.898635,266.881014,,,BDL2->EWR8,10:00,817.3141557,279.7873962
,,BDL2->EWR8,18:00,11:00,1210.628198,554.9816136,,,BDL2->EWR8,11:00,959.963666,283.142978,,,BDL2->EWR8,11:00,960.8313013,303.2248934
,,BDL2->EWR8,18:00,12:00,1404.301674,672.177341,,,BDL2->EWR8,12:00,1148.7906,359.427449,,,BDL2->EWR8,12:00,1139.60659,398.6699073
,,BDL2->EWR8,18:00,13:00,1603.443922,854.227641,,,BDL2->EWR8,13:00,1366.78131,538.452157,,,BDL2->EWR8,13:00,1313.507913,520.6747878
,,BDL2->EWR8,18:00,14:00,1816.00755,1000.864161,,,BDL2->EWR8,14:00,1575.27344,638.243367,,,BDL2->EWR8,14:00,1492.301587,656.5980001
,,BDL2->EWR8,18:00,15:00,2017.880932,1104.22403,,,BDL2->EWR8,15:00,1754.34242,705.792466,,,BDL2->EWR8,15:00,1660.173613,742.2189457
,,BDL2->EWR8,18:00,16:00,2303.760422,1367.202852,,,BDL2->EWR8,16:00,1942.60757,922.702913,,,BDL2->EWR8,16:00,1846.191839,946.5754006
,,BDL2->EWR8,18:00,17:00,2555.840534,1628.937146,,,BDL2->EWR8,17:00,2121.48142,1071.39501,,,BDL2->EWR8,17:00,2047.365737,1141.91291
,,BDL2->EWR8,18:00,18:00,2770.697736,1694.01927,,,BDL2->EWR8,18:00,2334.49923,1124.48249,,,BDL2->EWR8,18:00,2242.786534,1202.350902
,,BDL2->EWR8,18:00,19:00,2977.204324,1905.826394,,,BDL2->EWR8,19:00,2529.63198,1383.18531,,,BDL2->EWR8,19:00,2442.907548,1393.718469
,,BDL2->EWR8,18:00,20:00,3175.792372,2149.078474,,,BDL2->EWR8,20:00,2769.20451,1639.91716,,,BDL2->EWR8,20:00,2681.781928,1650.14225
,,BDL2->EWR8,18:00,21:00,3445.944272,2487.341136,,,BDL2->EWR8,21:00,3053.73732,2015.34736,,,BDL2->EWR8,21:00,3004.605244,1985.203788
,,BDL2->EWR8,18:00,22:00,3818.522204,2713.557082,,,BDL2->EWR8,22:00,3417.50382,2252.3321,,,BDL2->EWR8,22:00,3356.067601,2202.74797
,,BDL2->EWR8,18:00,23:00,4047.14616,3020.684988,,,BDL2->EWR8,23:00,3920.35247,2524.7097,,,BDL2->EWR8,23:00,3687.198195,2493.967688
,,LGA9->BOS5,5:00,0:00,4073.116002,2022.641824,,,LGA9->BOS5,0:00,3517.99391,1781.86043,,,LGA9->BOS5,0:00,3476.258621,1715.388391
,,LGA9->BOS5,5:00,1:00,4080.48475,2463.031912,,,LGA9->BOS5,1:00,3547.50344,2081.38734,,,LGA9->BOS5,1:00,3514.905319,2075.013768
,,LGA9->BOS5,5:00,2:00,4135.043296,2876.08995,,,LGA9->BOS5,2:00,3594.88059,2458.04887,,,LGA9->BOS5,2:00,3567.3877,2453.191017
,,LGA9->BOS5,5:00,3:00,4186.703494,3090.747704,,,LGA9->BOS5,3:00,3637.38946,2667.93341,,,LGA9->BOS5,3:00,3594.315285,2655.062833
,,LGA9->BOS5,5:00,4:00,4182.2014,3167.98493,,,LGA9->BOS5,4:00,3634.58266,2760.92819,,,LGA9->BOS5,4:00,3609.138238,2799.653393
,,LGA9->BOS5,5:00,5:00,4201.07086,3167.98493,,,LGA9->BOS5,5:00,3641.48941,2862.16219,,,LGA9->BOS5,5:00,3622.533711,2861.686008
,,LGA9->BOS5,5:00,6:00,4218.261886,3425.52304,,,LGA9->BOS5,6:00,3642.09385,3149.16004,,,LGA9->BOS5,6:00,3643.039934,3109.474377
,,LGA9->BOS5,5:00,7:00,4220.706122,3804.853322,,,LGA9->BOS5,7:00,3654.54954,3510.64347,,,LGA9->BOS5,7:00,3659.447147,3409.143873
,,LGA9->BOS5,5:00,8:00,4292.13019,4178.376072,,,LGA9->BOS5,8:00,3707.1768,3658.4447,,,LGA9->BOS5,8:00,3703.288067,3601.40893
,,LGA9->BOS5,5:00,9:00,4384.814798,4315.611028,,,LGA9->BOS5,9:00,3757.00832,3717.19366,,,LGA9->BOS5,9:00,3719.471684,3652.861768
,,LGA9->BOS5,5:00,10:00,4516.409156,4463.361568,,,LGA9->BOS5,10:00,3776.91469,3763.39492,,,LGA9->BOS5,10:00,3760.189791,3723.300232
,,LGA9->BOS5,5:00,11:00,4513.331318,4463.010772,,,LGA9->BOS5,11:00,3776.34435,3763.30119,,,LGA9->BOS5,11:00,3753.628261,3723.003727
,,LGA9->BOS5,5:00,12:00,1397.760342,309.03009,,,LGA9->BOS5,12:00,1165.84403,237.963914,,,LGA9->BOS5,12:00,1161.330396,212.3492358
,,LGA9->BOS5,5:00,13:00,1634.23921,369.8275618,,,LGA9->BOS5,13:00,1372.70839,277.78316,,,LGA9->BOS5,13:00,1366.042025,244.3735987
,,LGA9->BOS5,5:00,14:00,1897.034654,476.6913598,,,LGA9->BOS5,14:00,1633.11254,363.743965,,,LGA9->BOS5,14:00,1602.740068,339.6695981
,,LGA9->BOS5,5:00,15:00,2185.759406,618.095248,,,LGA9->BOS5,15:00,1854.9387,473.052139,,,LGA9->BOS5,15:00,1818.127374,447.2294911
,,LGA9->BOS5,5:00,16:00,2450.846602,679.6779758,,,LGA9->BOS5,16:00,2075.54797,540.636952,,,LGA9->BOS5,16:00,2029.375227,506.3898275
,,LGA9->BOS5,5:00,17:00,2652.314192,821.8359746,,,LGA9->BOS5,17:00,2273.82495,614.270171,,,LGA9->BOS5,17:00,2243.898401,606.0722067
,,LGA9->BOS5,5:00,18:00,2816.016062,1003.3712,,,LGA9->BOS5,18:00,2470.29437,836.814653,,,LGA9->BOS5,18:00,2464.701899,798.4546572
,,LGA9->BOS5,5:00,19:00,3002.866574,1177.240492,,,LGA9->BOS5,19:00,2627.78528,1016.60732,,,LGA9->BOS5,19:00,2646.437977,973.3379786
,,LGA9->BOS5,5:00,20:00,3202.785352,1244.371972,,,LGA9->BOS5,20:00,2831.09043,1056.04307,,,LGA9->BOS5,20:00,2843.645466,1024.448959
,,LGA9->BOS5,5:00,21:00,3497.19365,1443.849726,,,LGA9->BOS5,21:00,3123.10393,1205.68217,,,LGA9->BOS5,21:00,3065.476489,1181.370474
,,LGA9->BOS5,5:00,22:00,3798.768436,1651.181986,,,LGA9->BOS5,22:00,3271.00875,1413.77667,,,LGA9->BOS5,22:00,3271.300831,1371.620243
,,LGA9->BOS5,5:00,23:00,3965.819368,1904.07369,,,LGA9->BOS5,23:00,3485.27498,1677.54327,,,LGA9->BOS5,23:00,3429.088028,1608.111738
,,CMH1->CVG9,11:00,0:00,8141.979812,8084.521954,,,CMH1->CVG9,0:00,5942.9448,5899.39108,,,CMH1->CVG9,0:00,6233.93463,6131.353613
,,CMH1->CVG9,11:00,1:00,5488.229736,925.3065504,,,CMH1->CVG9,1:00,3519.88487,486.566322,,,CMH1->CVG9,1:00,3571.717693,539.8676603
,,CMH1->CVG9,11:00,2:00,5615.372986,1128.52157,,,CMH1->CVG9,2:00,3539.81801,538.182392,,,CMH1->CVG9,2:00,3648.434628,632.4413197
,,CMH1->CVG9,11:00,3:00,5812.383486,1461.481306,,,CMH1->CVG9,3:00,3768.99265,653.272916,,,CMH1->CVG9,3:00,3842.80927,827.6731042
,,CMH1->CVG9,11:00,4:00,5974.84974,1810.670404,,,CMH1->CVG9,4:00,3855.58151,830.663988,,,CMH1->CVG9,4:00,3960.011742,1016.140091
,,CMH1->CVG9,11:00,5:00,6067.866252,2071.014352,,,CMH1->CVG9,5:00,3850.63811,945.114775,,,CMH1->CVG9,5:00,4019.300485,1098.167451
,,CMH1->CVG9,11:00,6:00,6261.420878,2383.229022,,,CMH1->CVG9,6:00,3860.73788,1022.7694,,,CMH1->CVG9,6:00,4081.279573,1208.05901
,,CMH1->CVG9,11:00,7:00,6371.410358,2649.917566,,,CMH1->CVG9,7:00,3925.92745,1129.63772,,,CMH1->CVG9,7:00,4128.728696,1314.931547
,,CMH1->CVG9,11:00,8:00,6516.059368,3219.319282,,,CMH1->CVG9,8:00,3988.4987,1370.19533,,,CMH1->CVG9,8:00,4234.282534,1628.99228
,,CMH1->CVG9,11:00,9:00,6895.698314,3814.020028,,,CMH1->CVG9,9:00,4032.90685,1613.9835,,,CMH1->CVG9,9:00,4377.7114,1982.323817
,,CMH1->CVG9,11:00,10:00,7158.699606,4429.471436,,,CMH1->CVG9,10:00,4093.96306,2119.52083,,,CMH1->CVG9,10:00,4588.44093,2376.435208
,,CMH1->CVG9,11:00,11:00,7296.294696,4608.99792,,,CMH1->CVG9,11:00,4206.84781,2245.95737,,,CMH1->CVG9,11:00,4720.525068,2505.7012
,,CMH1->CVG9,11:00,12:00,7464.819352,5028.769966,,,CMH1->CVG9,12:00,4357.04383,2450.92693,,,CMH1->CVG9,12:00,4881.049777,2789.152017
,,CMH1->CVG9,11:00,13:00,7511.576096,5587.799948,,,CMH1->CVG9,13:00,4474.29583,2738.45786,,,CMH1->CVG9,13:00,4992.368273,3199.513454
,,CMH1->CVG9,11:00,14:00,7527.072264,5990.171108,,,CMH1->CVG9,14:00,4675.29624,3003.99597,,,CMH1->CVG9,14:00,5133.425581,3530.949696
,,CMH1->CVG9,11:00,15:00,7699.099756,6173.313494,,,CMH1->CVG9,15:00,4893.10763,3126.32143,,,CMH1->CVG9,15:00,5272.5599,3671.829078
,,CMH1->CVG9,11:00,16:00,7881.701402,6517.509018,,,CMH1->CVG9,16:00,5136.82589,3538.39604,,,CMH1->CVG9,16:00,5472.12389,4047.452475
,,CMH1->CVG9,11:00,17:00,8106.776338,6781.148772,,,CMH1->CVG9,17:00,5277.2234,3975.03784,,,CMH1->CVG9,17:00,5676.824957,4378.220841
,,CMH1->CVG9,11:00,18:00,8296.549118,6975.509588,,,CMH1->CVG9,18:00,5412.65578,4141.20419,,,CMH1->CVG9,18:00,5850.114464,4509.900099
,,CMH1->CVG9,11:00,19:00,8345.899702,7366.200836,,,CMH1->CVG9,19:00,5567.1633,4716.16448,,,CMH1->CVG9,19:00,5940.515094,4992.70909
,,CMH1->CVG9,11:00,20:00,8215.578062,7750.366596,,,CMH1->CVG9,20:00,5582.90903,5222.42837,,,CMH1->CVG9,20:00,5923.912221,5494.041025
,,CMH1->CVG9,11:00,21:00,8201.913088,8010.405682,,,CMH1->CVG9,21:00,5761.9144,5551.27938,,,CMH1->CVG9,21:00,6005.759068,5884.817493
,,CMH1->CVG9,11:00,22:00,8141.976626,8049.70235,,,CMH1->CVG9,22:00,5785.39061,5638.49881,,,CMH1->CVG9,22:00,6052.155337,5973.630338
,,CMH1->CVG9,11:00,23:00,8146.033732,8084.64443,,,CMH1->CVG9,23:00,5943.47598,5899.39108,,,CMH1->CVG9,23:00,6180.965078,6131.478557
